-- Генерация данных для таблицы "users"
INSERT INTO users(id, username, password, first_name, last_name, role, birth_date)
VALUES
    (1, 'ivan_ivanov@mail.ru', '{noop}123', 'Иван', 'Иванов', 'ADMIN', '1990-01-15'),
    (2, 'maria_petrova@mail.ru', '{noop}123', 'Мария', 'Петрова', 'USER', '1985-03-22'),
    (3, 'ivan_sidorov@mail.ru', '{noop}123', 'Иван', 'Сидоров', 'USER', '1992-07-10'),
    (4, 'katya_kozlova@mail.ru', '{noop}123', 'Екатерина', 'Козлова', 'ADMIN', '1988-12-05'),
    (5, 'dmitry_smirnov@mail.ru', '{noop}123', 'Дмитрий', 'Смирнов', 'USER', '1995-09-28'),
    (6, 'olga_ivanova@mail.ru', '{noop}123', 'Ольга', 'Иванова', 'USER', '1993-04-17'),
    (7, 'sergei_kuznetsov@mail.ru', '{noop}123', 'Сергей', 'Смирнов', 'ADMIN', '1987-06-30'),
    (8, 'anna_fedorova@mail.ru', '{noop}123', 'Анна', 'Федорова', 'USER', '1994-11-12'),
    (9, 'test@gmail.com', '{noop}123', 'Test', 'Testovich', 'ADMIN', '1991-02-19'),
    (10, 'elena_kovaleva@mail.ru', '{noop}123', 'Елена', 'Ковалева', 'ADMIN', '1986-08-08');

-- Установка последовательности для таблицы "users"
SELECT SETVAL('users_id_seq', (SELECT max(id) FROM users));


-- Установка последовательности для таблицы "users"
SELECT SETVAL('users_id_seq', (SELECT max(id) FROM users));

-- Генерация данных для таблицы "task"
INSERT INTO task(id, name, description, status, owner_id)
VALUES
    (1, 'Стать Java разработчиком', 'Разработать веб-приложение для клиента', 'NEW', 1),
    (2, 'Создание бизнес-плана', 'Составить бизнес-план для нового проекта', 'IN_PROGRESS', 2),
    (3, 'Тестирование продукта', 'Провести тестирование последней версии продукта', 'COMPLETED', 3),
    (4, 'Сборка прототипа', 'Собрать прототип устройства для клиента', 'NEW', 4),
    (5, 'Оптимизация базы данных', 'Провести оптимизацию базы данных', 'IN_PROGRESS', 5),
    (6, 'Создание маркетинговой кампании', 'Разработать маркетинговую стратегию', 'COMPLETED', 6),
    (7, 'Разработка нового функционала', 'Добавить новый функционал в приложение', 'NEW', 7),
    (8, 'Обучение персонала', 'Провести обучение нового персонала', 'IN_PROGRESS', 8),
    (9, 'Анализ рынка', 'Провести анализ рынка и конкурентов', 'COMPLETED', 9),
    (10, 'Исследование технологий', 'Провести исследование новых технологий', 'NEW', 2);

-- Установка последовательности для таблицы "task"
SELECT SETVAL('task_id_seq', (SELECT max(id) FROM task));

-- Генерация данных для таблицы "users_task"
INSERT INTO users_task(id, user_id, task_id, assignment_date)
VALUES
    (1, 1, 1, '2023-10-02'),
    (2, 2, 2, '2023-10-02'),
    (3, 3, 3, '2023-10-02'),
    (4, 4, 4, '2023-10-02'),
    (5, 5, 5, '2023-10-02'),
    (6, 6, 6, '2023-10-02'),
    (7, 7, 7, '2023-10-02'),
    (8, 8, 8, '2023-10-02'),
    (9, 9, 9, '2023-10-02'),
    (10, 10, 10, '2023-10-02'),
    (11, 1, 2, '2023-10-02'),
    (12, 2, 3, '2023-10-02'),
    (13, 3, 4, '2023-10-02'),
    (14, 4, 5, '2023-10-02'),
    (15, 5, 6, '2023-10-02'),
    (16, 6, 7, '2023-10-02'),
    (17, 7, 8, '2023-10-02'),
    (18, 8, 9, '2023-10-02'),
    (19, 9, 10, '2023-10-02'),
    (20, 10, 1, '2023-10-02');

-- Установка последовательности для таблицы "users_task"
SELECT SETVAL('users_task_id_seq', (SELECT max(id) FROM users_task));
